date,time,account,text
2024-10-15,09:50:34,長岡 健@TakeruNagaoka,"経営組織論（第４回）「ゲスト講義①」#mgtorg2024おはようございます。とてもいい天気で、気分は上々です。ただ、今日は夏日になるそうで、秋晴れと言うのは少し違和感がありますね。

ゲストは横石崇さん。「プロデュース」について考えます。さあ今日も、楽しく学ぼう！pic.x.com/hICtFEFYMC"
2024-10-15,10:38:16,まる@oDApfas7DPvsAp3,"おはようございます☀️
最近、日が落ちると寒くて上着必須って感じだったけど、今日は日が落ちる前に帰るので長袖1枚上着なし！秋だ〜🍁#mgtorg2024"
2024-10-15,10:40:25,ボウルサラダボウル@SiTiMiY4_ch,"#mgtorg2024パソコン修理中で対面だけどスマホだけだ🥺

not good newsや"
2024-10-15,10:41:50,はるまき@harumak3_4,"おはようございます。
今日は対面で頑張ります。#mgtorg2024"
2024-10-15,10:42:42,シカ@shika_deshika,#mgtorg2024おはようございます
2024-10-15,10:42:52,くらやん@jyugyoukurayan,ほんまにラジオ番組みたいな配置#mgtorg2024
2024-10-15,10:43:40,プリン@DFJCjy4gHbruyGo,"おはようございます☀️
暖かくてちょうどいい気温🍃
秋学期初のゲスト講義楽しみ！ 
もうハロウィンだね🎃#mgtorg2024pic.x.com/nVsh77ZqEx"
2024-10-15,10:43:48,まる@oDApfas7DPvsAp3,チョコレートありがとうございます！！🍫#mgtorg2024pic.x.com/JeHRaJ5GXD
2024-10-15,10:44:52,ボウルサラダボウル@SiTiMiY4_ch,"#mgtorg2024チョコいただきました
ハロウィン仕様だ🎃

四角いチョコはショートケーキみたいなまろやかさがある⁉️"
2024-10-15,10:44:53,竹@hundred_bamboo,"おはようございます！
三連休は山梨でキャンプでした🏕️ 寒かったです🥶#mgtorg2024pic.x.com/8eVU9unDVg"
2024-10-15,10:44:53,てでぃ@yuan_nai44435,"おはようございます！昨日の肌寒さが嘘かのような暑さで寒暖差に身体が追いつきません、、笑
先週は雨で自宅からの受講でしたが、本日は教室からです🎶先生、チョコありがとうございます！#mgtorg2024"
2024-10-15,10:44:55,801h@_801h,"おはようございます。
私情で秋学期は今回まで参加できなかったので、今日からまた積極的に参加しようと思います。#mgtorg2024"
2024-10-15,10:45:08,バモスヨハンミエセスX@miechan4519,#mgtorg2024阪神、終戦
2024-10-15,10:45:58,上腕三頭筋@jo13tokin,"おはようございます〜
教授からコメント来てないですね#mgtorg2024"
2024-10-15,10:46:04,Metallica@dsmpG44yCS3083,#mgtorg2024今日ちょっと寒いけど陽が出てるからそんな寒くないな。勉強日和？
2024-10-15,10:46:08,こんぺい@yu813508346040,"おはようございます！
最近早起きすることが多くて、早く起きることに慣れてきた！☀️
この時期はスッキリ起きれるから、朝型目指します！#mgtorg2024"
2024-10-15,10:46:17,エマパ@mgtMgpQCOa90524,前期よりもツイート多めに頑張ります#mgtorg2024
2024-10-15,10:47:37,801h@_801h,ChatGPT4o君は存外有能なので文章の書き起こし能力は意味的にも矛盾はないし結構すごい#mgtorg2024
2024-10-15,10:48:11,ぽんず@pon_v_v_m,教室の形が生ラジオ聞くみたいな感じで面白そう！#mgtorg2024
2024-10-15,10:49:08,ペパーミント@If8Rywjdt,この経営組織論受けるまで、chatgpt は使ってはいけないものという意識があったなぁ。#mgtorg2024
2024-10-15,10:52:30,けいたつ I 世界に名が轟く会社をつくる@_kk_marumaru,経営組織論スタートです#mgtorg2024
2024-10-15,10:52:37,noir@hoseinoir,#mgtorg2024なお法政大学くんは昨日も授業があった模様
2024-10-15,10:52:38,竹@hundred_bamboo,私の在籍校、関西大学はchatGPT基本的に禁止というお触れが出てました。後期からは変わったりしたのかな〜#mgtorg2024
2024-10-15,10:53:21,ぽぽ@XcClFOZXcL85543,"今日は早起きして友達と勉強できた！
授業も頑張る👍️#mgtorg2024"
2024-10-15,10:53:46,味噌ラーメン@yuta_mgtorg2024,"チョコレートごちそうさまです🍫
もうハロウィンか…と今さら気づく🎃#mgtorg2024"
2024-10-15,10:53:50,さとう@i029460965472,"暑い
10月なのに夏日
令和はこれが普通なのか#mgtorg2024"
2024-10-15,10:53:52,Metallica@dsmpG44yCS3083,#mgtorg2024今日あんま頭働いてなさげだな…頑張らねば。
2024-10-15,10:54:01,まる@oDApfas7DPvsAp3,"昨日、高校生とクイズやってきた！
高校生の知識すごくて、こっちが勉強になっなあ、、！

ゲスト講義楽しみながら頑張ろ〜！#mgtorg2024"
2024-10-15,10:55:39,1a2b3c@k4WfEI4vHaJvCel,#mgtorg2024学習指導要領はマニュアルなのか？
2024-10-15,10:56:45,miyabi012@kohsay8,#mgtorg2024おはようございます。いつものように頑張ってかんがえながらきいていきたいとおもいます！！！！
2024-10-15,10:58:00,1a2b3c@k4WfEI4vHaJvCel,#mgtorg2024新しいことを早く行う＝安定性よりスピード感
2024-10-15,10:58:41,Metallica@dsmpG44yCS3083,#mgtorg2024結局のところ昔ながらの方法が悪くなったんじゃなくて社会が変わったから適さなくなったってだけなんだよな。
2024-10-15,10:59:23,わかば@wakaba_888y,#mgtorg2024めっちゃ天気いい！
2024-10-15,11:01:52,わかば@wakaba_888y,#mgtorg2024今回のレポート、バタバタで書いてしまったけど、レポートを書くことによって自分の思考が拡がる気がする。こんなこと深層心理では思ってたのか〜って。レポートで立てた仮説から現実を見ると景色変わる
2024-10-15,11:02:13,ボウルサラダボウル@SiTiMiY4_ch,#mgtorg2024課題を直近でやったので、導入のわかりみが深い😤
2024-10-15,11:02:19,1a2b3c@k4WfEI4vHaJvCel,#mgtorg2024出世欲がない人が多いことは、ネットワーク型に移行するのに良い環境なのでは？
2024-10-15,11:03:51,味噌ラーメン@yuta_mgtorg2024,プロジェクトチームこそ、リーダーの人望的なものが重要になりそう#mgtorg2024
2024-10-15,11:04:12,カープ@PgjCrf,プロジェクトチームの方が仕事がマンネリ化しないし、自分の立ち位置を確保するためにずっと考えてる必要がありそう#mgtorg2024
2024-10-15,11:04:49,801h@_801h,888888888888#mgtorg2024
2024-10-15,11:05:02,noir@hoseinoir,#mgtorg2024大丈夫です聞こえます
2024-10-15,11:05:11,ペパーミント@If8Rywjdt,"「プロデューサー」
前回、私は組織がネットワーク型になればなるほど、「概念化」が必要だと考察したけれど…どうだろう。横石さんの話聞いて深めたい！#mgtorg2024"
2024-10-15,11:06:05,味噌ラーメン@yuta_mgtorg2024,"プロジェクト
→どんなに良くても必ず終わりがある#mgtorg2024"
2024-10-15,11:06:43,まめきち@mamekiti_hamham,プロジェクトには期限があって決められた期間の中で完成できなければそれは失敗#mgtorg2024
2024-10-15,11:07:06,ペパーミント@If8Rywjdt,"「勤労に、花束を。」
目を引くキャッチコピー#mgtorg2024"
2024-10-15,11:07:08,味噌ラーメン@yuta_mgtorg2024,「○月までやろう」というよりも、「いつ目的を達成できるか」という感じの期限なのかな？#mgtorg2024
2024-10-15,11:07:31,まる@oDApfas7DPvsAp3,twdw.jpTWDW#mgtorg2024
2024-10-15,11:07:31,うちだ@uchi_da0808,#mgtorg2024このイベント見たことある！
2024-10-15,11:08:04,まめきち@mamekiti_hamham,"先生が病弱…！🙀
元気が1番です☀️#mgtorg2024"
2024-10-15,11:08:31,801h@_801h,怪しい対談・・・w#mgtorg2024
2024-10-15,11:08:34,noir@hoseinoir,#mgtorg2024怪しい対談
2024-10-15,11:08:54,ペパーミント@If8Rywjdt,怪しい対談w気になる#mgtorg2024
2024-10-15,11:09:09,プリン@DFJCjy4gHbruyGo,TWDW「勤労に花束を。」#mgtorg2024
2024-10-15,11:09:24,まる@oDApfas7DPvsAp3,出待ち大事だ、、#mgtorg2024
2024-10-15,11:10:07,ボウルサラダボウル@SiTiMiY4_ch,"#mgtorg2024長岡先生一言で言えないくらいに、人脈が広いし、仲がいい😊

世間は狭い？

名もない時の出会いって😅"
2024-10-15,11:10:19,しずの@ofRKrrWtqa87140,"こう聞くと教授のネットワークの広がり方凄いなぁ
自分から積極的に動くことが大事なんだって再認識できる#mgtorg2024"
2024-10-15,11:11:00,noir@hoseinoir,#mgtorg2024終わりを定める、定めなければいけない？というのが
2024-10-15,11:11:17,noir@hoseinoir,#mgtorg2024配信画面二つ出てる！上のところから切り替えて見れる
2024-10-15,11:12:31,801h@_801h,キャリデザの講義持ってるのか#mgtorg2024
2024-10-15,11:12:43,竹@hundred_bamboo,法政大学って大学の仕事じゃない仕事をやりながら授業持ってる先生が多くて新鮮#mgtorg2024
2024-10-15,11:13:08,まめきち@mamekiti_hamham,法政大学、未来の塊！！笑#mgtorg2024
2024-10-15,11:13:25,ペパーミント@If8Rywjdt,&Co.のロゴすてき#mgtorg2024
2024-10-15,11:13:57,こんぺい@yu813508346040,プロジェクト・プロデューサーって肩書きなのに、プロデュースについて普段あまり考えてない、、？？🤔#mgtorg2024
2024-10-15,11:14:03,ぽぽ@XcClFOZXcL85543,"学部越えて授業取れるのいいよね
必要な単位取りきったら受けてみようかな#mgtorg2024"
2024-10-15,11:14:07,味噌ラーメン@yuta_mgtorg2024,出発点＝軸？#mgtorg2024
2024-10-15,11:14:19,プリン@DFJCjy4gHbruyGo,わあ、キャリデザの教授と経営の教授のコラボ✨️#mgtorg2024
2024-10-15,11:14:56,ペパーミント@If8Rywjdt,多摩美術大学にはアートプロデュースを学ぶ学部があるのか！！#mgtorg2024
2024-10-15,11:15:10,エマパ@mgtMgpQCOa90524,"挫折が出発点って凄い。
すでにチャレンジャーの覇気を感じる。#mgtorg2024"
2024-10-15,11:15:31,竹@hundred_bamboo,いとこが美大卒でめちゃくちゃ上手いデッサン描いてたから、絵を描かないと入れないもんだと思ってた。色んな学部があるんだなぁ#mgtorg2024
2024-10-15,11:15:57,Metallica@dsmpG44yCS3083,#mgtorg2024美大はやっぱ周りのレベルも高そうだな…
2024-10-15,11:15:57,けいたつ I 世界に名が轟く会社をつくる@_kk_marumaru,絵がかけない美術学生って面白いですね、逆説的で飲めない人用のバーみたいでインパクト強いです#mgtorg2024
2024-10-15,11:16:01,ぽぽ@XcClFOZXcL85543,美大！！#mgtorg2024
2024-10-15,11:16:06,801h@_801h,"「無かったので立ち上げた」
勢いがいいですよね#mgtorg2024"
2024-10-15,11:17:04,ペパーミント@If8Rywjdt,アートが社会と接続されてないか…#mgtorg2024
2024-10-15,11:17:14,カープ@PgjCrf,絵描かないで美大入る方が難しそう#mgtorg2024
2024-10-15,11:17:15,1a2b3c@k4WfEI4vHaJvCel,"#mgtorg2024申し訳ないが、芸術はよく分からない
難しいと感じる"
2024-10-15,11:17:19,竹@hundred_bamboo,横石先生のお話を聞いていて関西を感じるなぁと思い、調べさせていただいたら大阪ご出身と分かった。親近感✨#mgtorg2024
2024-10-15,11:17:31,くらやん@jyugyoukurayan,"美大って自ら作る人が行く所だと勝手に思ってた
企画する側の特性がある人も行くんやな#mgtorg2024"
2024-10-15,11:17:34,noir@hoseinoir,#mgtorg2024確かにアートってよそいきのものというか、普段から触れるようなものじゃないなあ
2024-10-15,11:17:39,ボウルサラダボウル@SiTiMiY4_ch,#mgtorg2024多摩美とかの人がテレビ局とか行くのは、クリエイターだけでなく、そういう風に分かれてるからなのか
2024-10-15,11:17:53,noir@hoseinoir,#mgtorg2024働き方のフジロック
2024-10-15,11:17:55,こんぺい@yu813508346040,"美術って解釈が難しいからこそ、プロデューサーとしてクリエイターとの対話がとても大切そう。
クリエイターの意図を汲み取らなければ？#mgtorg2024"
2024-10-15,11:18:21,1a2b3c@k4WfEI4vHaJvCel,#mgtorg2024色々な人の働き方を知れるのは貴重
2024-10-15,11:18:36,まる@oDApfas7DPvsAp3,東日本大震災で働き方の価値観どう揺らいだんだろう、、#mgtorg2024
2024-10-15,11:18:50,ペパーミント@If8Rywjdt,アートマネジメント論の授業で、社会活動とリンクしているようなアート活動をいくつかみた。だけれどその成功例は一握りな気がするな…#mgtorg2024
2024-10-15,11:20:02,竹@hundred_bamboo,"コロナを経て働き方ってだいぶ変わった印象だけど、東日本大震災でも揺らいだんだ…当時小1の私は海怖いって思ってその先５年くらい海に近づかなかったな🤔
生命を脅かす出来事が起きると働き方を見つめるきっかけにもなるんだなぁ#mgtorg2024"
2024-10-15,11:20:23,801h@_801h,technoはいいですぞ#mgtorg2024
2024-10-15,11:20:41,味噌ラーメン@yuta_mgtorg2024,計画的偶発性、みたいな感じかな？#mgtorg2024
2024-10-15,11:20:58,こんぺい@yu813508346040,"働き方のフジロック！
前でじっくり聞いてもいいし、後ろからフラっと聞いてもいいし、
偶然の出会いがありそうで面白い！！#mgtorg2024"
2024-10-15,11:21:22,まる@oDApfas7DPvsAp3,"働き方のフェス！！

確かに、音楽フェスは、もちろん好きなアーティスト目当てで行くけど、たまたま通りかかったアーティストを聴いてめっちゃいいな〜って思うことある！
予想外の出会いだ、、！#mgtorg2024"
2024-10-15,11:21:38,味噌ラーメン@yuta_mgtorg2024,「たまたま」とか「偶然」からつながる縁ってすごい素敵だと思うし、そういうものってかけがえのないものだなと思う#mgtorg2024
2024-10-15,11:21:48,プリン@DFJCjy4gHbruyGo,想像もしてなかった考えとか出会いがあるって本当にドキドキするしワクワクする！#mgtorg2024
2024-10-15,11:22:01,カープ@PgjCrf,フェスみたいなの行ったことないけど、話聞いてるとなんか面白そう#mgtorg2024
2024-10-15,11:22:19,しずの@ofRKrrWtqa87140,"自分の知らない、想像の埒外にある価値観だったり考えだったりに触れると、不意に自分の中の世界が広がる時がある
色んな人が集まって対話する場っていうのは、最初はあんまり解せないかもだけど、きっと有意義だよね#mgtorg2024"
2024-10-15,11:22:38,まくら@VgWypJXORi39073,働き方のフェス面白そうすぎる、、#mgtorg2024
2024-10-15,11:22:42,ボウルサラダボウル@SiTiMiY4_ch,"#mgtorg2024確かにキャリアによって働き方違うから、他の人の働き方見るとショッキングだろうな

フェスで認知ってのはおもしろい"
2024-10-15,11:22:43,竹@hundred_bamboo,"東日本大震災が起きた時に、都会で帰宅難民が出たり、家族とかなり離れたところで被災してしまったりしたことが働き方が揺らいだきっかけなのかな🤔
地元静岡では、東日本大震災以降、海沿いに住む人が減ってるし、昔から津波で被災する、浸水するエリアは地価が低い印象。#mgtorg2024"
2024-10-15,11:22:46,エマパ@mgtMgpQCOa90524,フェス型のイベントだと受動的にも学べるからいいな#mgtorg2024
2024-10-15,11:23:12,味噌ラーメン@yuta_mgtorg2024,"飲み会ではなく第三の場所
…飲みの場とかゴルフって、もちろん良し悪しはあるだろうけど、重要な場っていう位置付けは変わらないのかな？#mgtorg2024"
2024-10-15,11:23:59,Metallica@dsmpG44yCS3083,#mgtorg2024孫さんのような成功者の話は勿論聞く価値あるけど、小さい会社の社長の話もいろいろ発見があるだろうし、そういう人が一堂に会する場所の価値ってどんどん上がってる気がするな。
2024-10-15,11:24:07,竹@hundred_bamboo,"森の匂いがする気持ちのいい風が通り過ぎるところで仕事や勉強するの楽しそう✨
ドラえもんで似たようなお話あったな〜#mgtorg2024"
2024-10-15,11:24:08,noir@hoseinoir,#mgtorg2024飲みの場、ゴルフもある種オフというかリラックスして話ができる場なのかな
2024-10-15,11:24:27,うちだ@uchi_da0808,#mgtorg2024面白そうなことばっかりしてるなあ羨ましい！
2024-10-15,11:25:11,プリン@DFJCjy4gHbruyGo,「渋谷キューズ」「ポットラック八重洲」こういった素敵な出会いがある場所ってなかなか見つけられない#mgtorg2024
2024-10-15,11:25:14,noir@hoseinoir,#mgtorg2024いきなりtofubeats出てきて変な声出た
2024-10-15,11:25:54,こんぺい@yu813508346040,さらっとtofubeats出てきた#mgtorg2024
2024-10-15,11:26:07,味噌ラーメン@yuta_mgtorg2024,"1→nではなく、(1→1)⇒n
…ということ？#mgtorg2024"
2024-10-15,11:26:07,さとう@i029460965472,たった1人のために作る広告⁉︎#mgtorg2024
2024-10-15,11:26:51,プリン@DFJCjy4gHbruyGo,中学生から行ける大学ってどんな雰囲気なんだろう、、行ってみたい#mgtorg2024
2024-10-15,11:27:05,しずの@ofRKrrWtqa87140,プロジェクト・プロデューサーだから裏方って訳か#mgtorg2024
2024-10-15,11:27:07,まめきち@mamekiti_hamham,スタートアップ大学、どんな講義があるんだろう！#mgtorg2024
2024-10-15,11:27:32,ペパーミント@If8Rywjdt,"講師にはならず、学生と友達のような関係
すごくプロデューサー的な働き方…#mgtorg2024"
2024-10-15,11:27:53,味噌ラーメン@yuta_mgtorg2024,"プロデュース
→中に入るのではなく外から見守る、方向性を決める？#mgtorg2024"
2024-10-15,11:28:24,くらやん@jyugyoukurayan,確かに最近はプロデューサーはいるけど企画だけ考えて、監督とかは別とかよくある#mgtorg2024
2024-10-15,11:28:37,味噌ラーメン@yuta_mgtorg2024,プロジェクトチーム＝船っていう解釈、腑に落ちるかもしれない#mgtorg2024
2024-10-15,11:28:43,まる@oDApfas7DPvsAp3,"プロデュース
▶︎方向性を決めたり、見守ったりするけど、中身にはあまり踏み込まないってこと？#mgtorg2024"
2024-10-15,11:28:45,1a2b3c@k4WfEI4vHaJvCel,"#mgtorg2024リーダーをやっているのに、目立たない
そのため、何やっているのかが周りからは分からない"
2024-10-15,11:28:55,まめきち@mamekiti_hamham,ヒカリエの8階すき#mgtorg2024
2024-10-15,11:28:56,ボウルサラダボウル@SiTiMiY4_ch,#mgtorg2024現代でプロデューサーの出番は多そうだな🤔
2024-10-15,11:28:59,上腕三頭筋@jo13tokin,"創作活動には入らない
クリエイターじゃない
っていうのがおもしろいな〜#mgtorg2024"
2024-10-15,11:29:02,こんぺい@yu813508346040,プロジェクトによって関わるメンバーが違う#mgtorg2024
2024-10-15,11:29:04,竹@hundred_bamboo,あなたの｢ちがい｣を｢ちから｣に変える学校か…惹かれるな…私はこれまでに結構違いを力に変えてきた気がしている。あと中学生の時に｢ちがい｣を基に作文をかいたら賞金をいただけたのでお金にも変えている笑#mgtorg2024
2024-10-15,11:29:53,うちだ@uchi_da0808,#mgtorg2024なんか社会課題を今までとは違うアプローチで解決する事業者って感じして良いな〜面白そう！
2024-10-15,11:30:04,竹@hundred_bamboo,本屋さんもCD屋さんも危機的な状況の中で、売り切れるほど本が売れるのすごすぎる。#mgtorg2024
2024-10-15,11:30:13,ペパーミント@If8Rywjdt,長岡ゼミもzine作りたい！💫#mgtorg2024
2024-10-15,11:31:06,けいたつ I 世界に名が轟く会社をつくる@_kk_marumaru,広告業界におけるプロデューサーのお仕事ってクライアントさんへの期待値管理が難しいそうです。数値ベースで成果求められるので常にプレッシャーな気がしてます#mgtorg2024
2024-10-15,11:31:27,ぽぽ@XcClFOZXcL85543,icicic.jp/sanci/太陽光が入る落ち着いた空間で、集中して作業ができそう！#mgtorg2024
2024-10-15,11:31:31,ボウルサラダボウル@SiTiMiY4_ch,#mgtorg2024これって本屋じゃないバージョンもできそう？
2024-10-15,11:31:35,まる@oDApfas7DPvsAp3,"hikarie8.com/books/about.sh…渋谷〇〇書店
▶︎ それぞれの個性(？)が出てるというか、棚の人こーゆーの好きなんだあ、、みたいなのがわかるような面白い本屋！#mgtorg2024"
2024-10-15,11:31:39,まめきち@mamekiti_hamham,まちライブラリーおもいだした！#mgtorg2024
2024-10-15,11:31:49,1a2b3c@k4WfEI4vHaJvCel,#mgtorg2024電子書籍が隆盛な時代だからこその書店の活かし方だと感じる
2024-10-15,11:32:13,Metallica@dsmpG44yCS3083,#mgtorg2024本屋は本買うだけの場所だと思ってた…
2024-10-15,11:32:15,味噌ラーメン@yuta_mgtorg2024,本（モノ） を介して人がつながるってめちゃめちゃ良いな#mgtorg2024
2024-10-15,11:32:25,うちだ@uchi_da0808,"#mgtorg2024休学時代これと同じ業態の本屋さんと契約して本棚持ってたけど学びがあって楽しかった！
でも本屋さんの収益性の低さも実感した・・・だからシェア型本屋っていう新しい価値提案してるんだろうけども"
2024-10-15,11:32:31,さとう@i029460965472,本屋は本を買う場所という固定概念を崩す という発想…発起人がすごい#mgtorg2024
2024-10-15,11:32:38,上腕三頭筋@jo13tokin,"思えばリックルービンっていう音楽プロデューサーも、楽器もできない、歌もできない、機械の使い方も知らない。でも一流音楽プロデューサーだもんなぁ
その分野のスキルや能力がなくても、仕事をすることはできるんだな#mgtorg2024"
2024-10-15,11:33:08,noir@hoseinoir,#mgtorg2024私くらいは闇を、かっこいい
2024-10-15,11:33:12,ペパーミント@If8Rywjdt,"書店名も自分でつけられるのすごく楽しいなぁ
やってみたい#mgtorg2024"
2024-10-15,11:33:19,Metallica@dsmpG44yCS3083,#mgtorg2024いろんな趣味とか価値観に触れられて面白いかも。
2024-10-15,11:33:49,味噌ラーメン@yuta_mgtorg2024,"今まで行ったことがない場所に行ってみること
→新しい価値観が生まれるきっかけ？#mgtorg2024"
2024-10-15,11:33:54,1a2b3c@k4WfEI4vHaJvCel,#mgtorg2024人の才能を引き出して、活かすのかプロデューサー？
2024-10-15,11:34:31,竹@hundred_bamboo,文庫本のセレクトが私の趣味と合ってて好きだった本屋さん、潰れちゃったんだよな。自分の趣味と合う｢推し｣棚主さんを見つけたら通っちゃうかもな#mgtorg2024
2024-10-15,11:34:35,こんぺい@yu813508346040,"ここは本屋じゃなくて図書館だけど、静岡県焼津にあるみんなの図書館！
本を介して自分の主張を発信できる感じ！
喋りやすい雰囲気もあり、まちの人たちのコミュニティになっていた📗📚#mgtorg2024x.com/yu813508346040…"
2024-09-18,15:24:54,こんぺい@yu813508346040,"みんなの図書館さんかく、昨日お邪魔しました！📕
1人1棚オーナーになって本をレンタルできる空間！本棚ごとに個性がでてた！#melc2024#カフェゼミラジオin焼津pic.x.com/GAvDSgADG9"
2024-10-15,11:34:47,味噌ラーメン@yuta_mgtorg2024,"プロデューサー
人の魅力を引き出す点では、0→1ではなく1→100なのかな？#mgtorg2024"
2024-10-15,11:34:52,ペパーミント@If8Rywjdt,普通の本屋には「光の本」しか売ってないか〜　なんとなく、理解できるような気がする、、その女の子会ってみたい♪#mgtorg2024
2024-10-15,11:35:00,くらやん@jyugyoukurayan,"確かに最近はコンプラがうるさいから光の本しか置けないよな
闇とか影の部分があってこその光だと思うし、、、、#mgtorg2024"
2024-10-15,11:35:29,けいたつ I 世界に名が轟く会社をつくる@_kk_marumaru,プロデューサーとクリエイターの違いは、誰が作品物を作るのかが違う気がします。プロデューサーは誰かに作ってもらいそこのサポートをする、クリエイターは自分でつくる。ざっくりですがそんな感じですかね。#mgtorg2024
2024-10-15,11:35:32,ぽぽ@XcClFOZXcL85543,"人のいいところを見つけて最大限引き出せる能力…
すごい…！#mgtorg2024"
2024-10-15,11:35:54,シカ@shika_deshika,#mgtorg2024渋谷〇〇書店行ってみたい
2024-10-15,11:36:22,プリン@DFJCjy4gHbruyGo,"変わった部分を最大化できる場所
SNSじゃなくてこういったクリエイティビティの活かし方特別感あっていいなあ#mgtorg2024"
2024-10-15,11:37:00,カープ@PgjCrf,自分で作るクリエイターも凄いけど、良さを引き出すプロデューサーも凄い#mgtorg2024
2024-10-15,11:37:05,ボウルサラダボウル@SiTiMiY4_ch,#mgtorg2024個人的には、名もなき子から、adoもめっちゃプロデュースされた感がある
2024-10-15,11:37:23,しずの@ofRKrrWtqa87140,"「お金払って働かされてる｣って中々印象に残る言葉だなぁ
外発的動機づけとかにこんな真っ向から対峙する言葉、中々ないぞ笑#mgtorg2024"
2024-10-15,11:37:36,プリン@DFJCjy4gHbruyGo,"お金を払って店番をする
自分の好きな空間で、様々な人と出会えるって確かにお金払いたくなっちゃうかも、✨️#mgtorg2024"
2024-10-15,11:38:47,味噌ラーメン@yuta_mgtorg2024,"「お金を払って働く」
まさに内発的動機づけ、だし、金銭的な報酬ではないんだな、と思う#mgtorg2024"
2024-10-15,11:39:16,ボウルサラダボウル@SiTiMiY4_ch,"#mgtorg2024課題解決　＜　課題警笛
天邪鬼ですな🤔

でもそういうスタンスが成功している一例なのかも"
2024-10-15,11:39:21,まめきち@mamekiti_hamham,プロジェクトって文字に今までより「はっ！」ってなる#mgtorg2024
2024-10-15,11:39:33,味噌ラーメン@yuta_mgtorg2024,"内発的動機づけへの一歩
→「時間給」からの脱却
→「成果報酬」への転換？#mgtorg2024"
2024-10-15,11:39:37,竹@hundred_bamboo,図書館の返却ラックに並んだ本を見て、ここからここまでは同じ人が借りてそうだなとか、この人ここに行くんだ〜とか考えてたことを思い出した笑　本をセレクトした方と直接話せるのも魅力の一つやね。#mgtorg2024
2024-10-15,11:39:40,プリン@DFJCjy4gHbruyGo,新しい渋谷のための開発プロジェクト！？楽しみすぎるー！#mgtorg2024
2024-10-15,11:39:45,けいたつ I 世界に名が轟く会社をつくる@_kk_marumaru,お店の運営は有志で行っているなら報酬などはどこで発生しているんだろう。売れた本の数だけ成果報酬でお金が出るのかな。#mgtorg2024
2024-10-15,11:40:18,コーギー@bT1HSYG1Jrx8Plb,渋谷は最近外国人観光客が多い#mgtorg2024
2024-10-15,11:40:33,はるまき@harumak3_4,"誰でも主役になれる場所を作る
行動に移していることがすごい。#mgtorg2024"
2024-10-15,11:40:34,うちだ@uchi_da0808,#mgtorg2024横石さんの発言通り、かなりビジネス>面白そうの傾向を感じるけどそれがイノベーションを生み出す上で有効な気もする
2024-10-15,11:40:35,味噌ラーメン@yuta_mgtorg2024,"渋谷のハロウィン
何もしなくても勝手に人が集まってくるなら、集客に悩まされなくてビジネスチャンスになったりしないんだろうか？#mgtorg2024"
2024-10-15,11:40:45,ペパーミント@If8Rywjdt,昨日渋谷行ったら、路上飲み禁止のアナウンスが流れてたなぁ。#mgtorg2024
2024-10-15,11:40:58,Metallica@dsmpG44yCS3083,#mgtorg2024確かに渋谷のハロウィンって特に屋台とか花火があるわけでもないのに異様に人集まるよな。
2024-10-15,11:41:30,味噌ラーメン@yuta_mgtorg2024,"渋谷の街の主役＝人
→建物が主役になってしまっては街が終わる
↔︎東京の主役＝東京駅#mgtorg2024"
2024-10-15,11:41:42,まめきち@mamekiti_hamham,渋谷といえば、建物も人もたくさんなイメージ#mgtorg2024
2024-10-15,11:41:45,ぽぽ@XcClFOZXcL85543,"こういうプロジェクト見ていると「まさにこういう場所を求めていた！」ってよく思うんだけど、自分で1から探すってなった時にどういう言葉で検索していいかわからない

自分のやりたいこと、行きたい場所をもっと言語化できたらな〜と思う#mgtorg2024"
2024-10-15,11:41:59,くらやん@jyugyoukurayan,無機質な舞台に人が集まって装飾されるって感じなんかな？#mgtorg2024
2024-10-15,11:42:17,まる@oDApfas7DPvsAp3,"東京駅が建物が主役なの何となくわかる！！
渋谷は建物は主役じゃなく、人なんだ、、知らなかった！#mgtorg2024"
2024-10-15,11:42:27,竹@hundred_bamboo,"渋谷、いつ来ても工事してるイメージ笑
どんな風に変わるのかな〜
大阪梅田も再開発が進んでて、結構好評みたいです！個人的におすすめはKITTE大阪で、ワンフロアに色んな地域のアンテナショップが集まってて日本一周気分を味わえるのが大好きなんですが、東京だともうあるのかな？#mgtorg2024"
2024-10-15,11:42:29,やや@afvvfxcgrec,最近渋谷行ったばっかだから話聞いてて面白い#mgtorg2024
2024-10-15,11:42:55,801h@_801h,「人」を基軸にした再開発っていう考えはしっかり渋谷の雰囲気にマッチしてる#mgtorg2024
2024-10-15,11:43:28,801h@_801h,ある意味東京駅は最初から「駅」がメインだったんだろうな#mgtorg2024
2024-10-15,11:43:29,ペパーミント@If8Rywjdt,渋谷は騒々しい、雑踏な感じが時に批判されるけど、私はめちゃくちゃ好きなんだよなぁ#mgtorg2024
2024-10-15,11:43:46,ボウルサラダボウル@SiTiMiY4_ch,#mgtorg2024渋谷なんか交差点撮影に行ったくらいやな
2024-10-15,11:44:00,まめきち@mamekiti_hamham,ラジオやってると相槌めっちゃ気をつけるかも笑#mgtorg2024
2024-10-15,11:44:14,竹@hundred_bamboo,"打ち続けて２０年！好きすぎる笑
あいづち一回につき100円なんですかね…？50回打ってもらったら5000円？#mgtorg2024"
2024-10-15,11:44:15,プリン@DFJCjy4gHbruyGo,相槌を1回打つ事に100円？！面白い笑笑#mgtorg2024
2024-10-15,11:44:19,エマパ@mgtMgpQCOa90524,"自分の父も場外馬券売り場によく祖父に連れられて行ったという話をよくします。
この世代の方は皆経験してるのかな？#mgtorg2024"
2024-10-15,11:44:56,1a2b3c@k4WfEI4vHaJvCel,#mgtorg2024プロデューサーは裏方？
2024-10-15,11:45:33,ペパーミント@If8Rywjdt,経営学部にいるけど、アートの世界に携わることも可能？！ちょっとワクワクする#mgtorg2024
2024-10-15,11:45:36,竹@hundred_bamboo,2週連続で渋谷行ってて今週も行くんけど個人的に梅田以上にダンジョンでわけがわからん。建物と人の密集度合いがすごい。あと音が多い#mgtorg2024
2024-10-15,11:46:01,まめきち@mamekiti_hamham,方にシャツ巻き付けてる#mgtorg2024
2024-10-15,11:46:24,ペパーミント@If8Rywjdt,プロデューサー巻きのイメージw#mgtorg2024
2024-10-15,11:46:48,味噌ラーメン@yuta_mgtorg2024,"プロデューサー
→輝ける場を与える仕事？#mgtorg2024"
2024-10-15,11:47:01,ボウルサラダボウル@SiTiMiY4_ch,#mgtorg2024横石さんは、一体どういう動機なんでしょうね。
2024-10-15,11:47:06,1a2b3c@k4WfEI4vHaJvCel,#mgtorg2024活躍の場を作る＝プロデューサー？
2024-10-15,11:47:22,noir@hoseinoir,#mgtorg2024葉巻とか好きそう
2024-10-15,11:47:57,Metallica@dsmpG44yCS3083,#mgtorg2024要は経営でのプロデューサーっていうのは人々が能力開花できる環境をつくる人のことなんだな。
2024-10-15,11:48:17,さとう@i029460965472,自分のコンプレックスを昇華できるのがすごい、狂気な生き方をしてる人を応援したいと感じる狂気！#mgtorg2024
2024-10-15,11:48:18,くらやん@jyugyoukurayan,佐久間さんとか見ると人の良さとか魅力に合わせて企画考えてるな#mgtorg2024
2024-10-15,11:49:14,ぽぽ@XcClFOZXcL85543,"コンプレックスか…
そこでクリエイターに嫉妬するのではなく、「惹かれる」と言っているのが前向きですごいと思った#mgtorg2024"
2024-10-15,11:49:15,カープ@PgjCrf,プロデューサーをスポーツで言ったら監督に当たるのかな？#mgtorg2024
2024-10-15,11:49:56,ペパーミント@If8Rywjdt,経営とは全く違う他学部公開科目取ったり、他の学部の授業に潜入したりするのも新しい才能、新しいアイデアを開くチャンスかも#mgtorg2024
2024-10-15,11:51:20,カープ@PgjCrf,"正解の分からないことは恐れちゃう。
だから成長しないんだろうな
チャレンジチャレンジ#mgtorg2024"
2024-10-15,11:51:27,Metallica@dsmpG44yCS3083,#mgtorg2024授業の性質上？仕方ないのかもしれないけど、どの授業も正解を出したがってる気がするな。経営に正解なんてないだろうに…
2024-10-15,11:51:40,ぽぽ@XcClFOZXcL85543,"「正解のないことをやるほうが楽しい」

この授業でやっていることを仕事で実践している人のような気がした#mgtorg2024"
2024-10-15,11:51:54,ペパーミント@If8Rywjdt,「正解のないことをやっている方が楽しい。」#mgtorg2024
2024-10-15,11:51:59,1a2b3c@k4WfEI4vHaJvCel,"#mgtorg2024仕事＝苦しいものという考え方
楽しいのは仕事ではない考え方考え方"
2024-10-15,11:52:27,けいたつ I 世界に名が轟く会社をつくる@_kk_marumaru,確かにマネージャーってタスクに溺れて苦しいと思いながらもどこかその忙しい自分に酔っている部分はありそうです。プロデューサー・クリエイターは自分の意思で作りたいものを作っているから楽しそうですよねー#mgtorg2024
2024-10-15,11:52:34,くらやん@jyugyoukurayan,マネージャーって聞くと数字とか効率性とかを常に追ってるイメージがある#mgtorg2024
2024-10-15,11:52:50,こんぺい@yu813508346040,横石さんが面白い！プロデュースしてみたい！って感じる人ってどんな人なんだろうな。人と違う発想をする人だったり、信念を持ってる人だったり、どこか共感できる人だったり#mgtorg2024
2024-10-15,11:53:01,味噌ラーメン@yuta_mgtorg2024,"自分の葛藤が動機
…たしかに。コンプレックスの話も含め、そういうところに軸とか価値観が表れる気がする#mgtorg2024"
2024-10-15,11:54:53,まる@oDApfas7DPvsAp3,"楽しみだけど真剣

シリアスファン#mgtorg2024"
2024-10-15,11:55:18,ペパーミント@If8Rywjdt,heralbony.jp#mgtorg2024
2024-10-15,11:55:19,さとう@i029460965472,"楽しいけど真剣
たまたまは作っていくもの#mgtorg2024"
2024-10-15,11:56:02,Metallica@dsmpG44yCS3083,#mgtorg2024資格取ったり難しい本読んだりするだけが勉強じゃないって頭ではわかってるんだけど、やっぱ勉強しようってなるとどうしても本とか探しちゃう…
2024-10-15,11:57:03,こんぺい@yu813508346040,へラルボニーheralbony.jp点描の作品すてき！！#mgtorg2024
2024-10-15,11:57:28,ペパーミント@If8Rywjdt,サマーカレッジでヘラルボニーのお洋服着ている登壇者の方いた。すごくステキな服だったなぁ…#mgtorg2024
2024-10-15,11:57:37,駆け抜けろ！トランジスタくん！@transistor_y,渋谷の街づくりコンセプトの話おもろかったな#mgtorg2024
2024-10-15,11:57:52,うちだ@uchi_da0808,#mgtorg2024何かが生まれる時って人との出会いがきっかけなこと多いよねー
2024-10-15,11:58:15,味噌ラーメン@yuta_mgtorg2024,プロジェクトが立ち上がるまで（やりたい→実際の立ち上げ） が一番大変#mgtorg2024
2024-10-15,11:58:46,カープ@PgjCrf,プロジェクトはもうある物でそこに自分が参加するとしか思ってなかったけど、立ち上げるのは確かに大変そう#mgtorg2024
2024-10-15,11:58:54,コーギー@bT1HSYG1Jrx8Plb,渋谷に小さい子供やおじいちゃんおばあちゃん世代が少ないのを見ると街の空間が人をセグメントしてるな~と思う#mgtorg2024
2024-10-15,11:59:02,上腕三頭筋@jo13tokin,僕は「山あり谷あり」じゃなくて、頂上に行ったら次に山に行く「山あり山あり」でいきたいです#mgtorg2024pic.x.com/EdJjQhJF1E
2024-10-15,11:59:13,うちだ@uchi_da0808,#mgtorg2024鞄持ちとか一番やりたいけどな。下っ端がいろんな人と出会える最高の機会では？
2024-10-15,11:59:15,けいたつ I 世界に名が轟く会社をつくる@_kk_marumaru,渋谷○○書店もそうだけど、コンセプトとか企画とかってどのように出してるんだろう。課題解決思考なのかソリューション思考なのかどっちだろう。イメージソリューション思考でブレストしてそう。課題解決の方が良さそうだけど#mgtorg2024
2024-10-15,11:59:41,ペパーミント@If8Rywjdt,プロトタイプ。#mgtorg2024
2024-10-15,11:59:47,さとう@i029460965472,"プロジェクトが立ち上がるまでの活動
プロジェクトをマネジメントする活動
分けて考える
発起人と進行役#mgtorg2024"
2024-10-15,12:00:07,味噌ラーメン@yuta_mgtorg2024,プロジェクト、だいたい大枠が決まった状態で加わることの方が多い気がして、立ち上がるまでがどうなのか、知る機会は少ない気がする#mgtorg2024
2024-10-15,12:00:16,Metallica@dsmpG44yCS3083,#mgtorg2024やっぱりトライアンドエラーが大切なんだな。
2024-10-15,12:00:50,ペパーミント@If8Rywjdt,プロジェクトの立ち上がりには時間がかかるもの。確かに、早く何か始めないと！とか考えちゃうなぁ#mgtorg2024
2024-10-15,12:01:30,カープ@PgjCrf,プロジェクトってそんなに時間かかるのか、、、途中で諦めたりしちゃいそう#mgtorg2024
2024-10-15,12:01:41,味噌ラーメン@yuta_mgtorg2024,"プロジェクトが立ち上がるまでは長期間
→長期的なモチベーションを保つためにも、内発的動機なんだろうなぁ。。#mgtorg2024"
2024-10-15,12:02:05,801h@_801h,"形になるのって絶対そんなにスピーディーにならないのはそうですよね
裏でどれだけ準備しているか、聞くたびいつも思っている以上#mgtorg2024"
2024-10-15,12:02:20,けいたつ I 世界に名が轟く会社をつくる@_kk_marumaru,プロジェクトが立ち上がる前までのプロトタイプの作成に時間がかかるのか、プロトタイプ以降のプロジェクト立ち上がりに、時間がかかるのかどっちだろう。まーもっちもか#mgtorg2024
2024-10-15,12:02:24,ペパーミント@If8Rywjdt,実験、実践。すごく大切#mgtorg2024
2024-10-15,12:03:06,ぽぽ@XcClFOZXcL85543,"プロジェクトを立ち上げるだけの知識、行動が必要
→チャンスを手にできる人は常にチャンスを探して動いてる、ということ？#mgtorg2024"
2024-10-15,12:03:47,801h@_801h,早い段階で結果を求めてしまうという考え方が「プロジェクト」への見方を捻じ曲げてしまっているときも#mgtorg2024
2024-10-15,12:03:57,プリン@DFJCjy4gHbruyGo,プロジェクトが立ち上がる前にどんな動きをしているのか#mgtorg2024
2024-10-15,12:04:11,うちだ@uchi_da0808,#mgtorg2024どんな分野でも下積みが一番辛くて長いけどそこを楽しめるメンタルがあれば無敵だよね〜
2024-10-15,12:04:57,ボウルサラダボウル@SiTiMiY4_ch,#mgtorg2024私も高校で生徒会でラジオしたかったから諦めずにやれば良かった🙄
2024-10-15,12:05:14,コーギー@bT1HSYG1Jrx8Plb,"斬新なプロジェクトほど早く世に出したい気持ちが先行しそうだけど
しっかり地に足つけて進行していくことが必要ですね！#mgtorg2024"
2024-10-15,12:05:36,ky@ky3754403794,確かにプロジェクトを立ち上がる過程って難しいよな#mgtorg2024
2024-10-15,12:05:38,ペパーミント@If8Rywjdt,待つことか。#mgtorg2024
2024-10-15,12:17:46,noir@hoseinoir,#mgtorg2024アカウントがない……！？
2024-10-15,12:18:45,プリン@DFJCjy4gHbruyGo,制度と基盤と感情#mgtorg2024
2024-10-15,12:18:50,味噌ラーメン@yuta_mgtorg2024,"制度・基盤・感情
→３つが揃ったときに「何かが大きく変わる」
…制度と基盤は社会に依存してる側面はあるかもしれないけど、感情は自分次第だな#mgtorg2024"
2024-10-15,12:19:12,801h@_801h,８８８８８#mgtorg2024
2024-10-15,12:19:15,しずの@ofRKrrWtqa87140,"やっぱり考えながら動いてみることが大事ってことじゃな
考えるだけじゃダメってのはこの授業とも通じるところだぁ#mgtorg2024"
2024-10-15,12:19:16,カープ@PgjCrf,頭、手、足動かす#mgtorg2024
2024-10-15,12:19:34,801h@_801h,やったもん勝ちなのは趣味などでつくづく思い知らされるばかり#mgtorg2024
2024-10-15,12:21:07,Metallica@dsmpG44yCS3083,#mgtorg2024頭と手と足を使う。いろんなことに手を出してみたり、いろんなところに行ってみたりする。やっぱ人はいろいろ経験しないと強くはなれないな。
2024-10-15,13:46:27,長岡 健@TakeruNagaoka,@uchi_da0808重要な指摘。収益性だけでもないし、楽しみだけでもない。どのくらいの収益性と楽しみの「配合」がいいかは、本人次第ですね。#mgtorg2024
2024-10-15,13:47:21,長岡 健@TakeruNagaoka,@yuta_mgtorg2024本当の意味での“メディア”=媒介ですね。#mgtorg2024
2024-10-15,19:50:49,長岡 健@TakeruNagaoka,今日の授業で、横石さんが本は人と人を繋ぐメディアだという話をしていた。そのときの横石さんと私は同じ人物を思い出していたと思う。彼が繋いでくれた。#mgtorg2024
2024-10-15,22:51:04,長岡 健@TakeruNagaoka,横石さんとの対談は拙著『みんなのアンラーニング論』にも載ってます。今日の話を思い出しながら読むと、理解が深まると思います。#mgtorg2024
